account_id,transaction_date,total_debit_amount,total_credit_amount,net_amount,transaction_count,distinct_merchants,top_category,currencies,updated_at
ACC-1005,2024-01-01,0.00,4070.01,4070.01,1,1,home_and_garden,USD,2026-10-06 21:24:22.158406
ACC-1018,2024-01-01,217.53,0.00,-217.53,2,2,entertainment,"EUR, USD",2026-10-06 21:24:22.158406
ACC-1007,2024-01-02,675.68,0.00,-675.68,1,1,entertainment,USD,2026-10-06 21:24:22.158406
ACC-1006,2024-01-03,2698.43,0.00,-2698.43,1,1,entertainment,USD,2026-10-06 21:24:22.158406
ACC-1009,2024-01-03,80.98,0.00,-80.98,1,1,e-commerce,JPY,2026-10-06 21:24:22.158406
ACC-1020,2024-01-03,0.00,3458.70,3458.70,1,1,electronics,USD,2026-10-06 21:24:22.158406
ACC-1003,2024-01-04,11.58,0.00,-11.58,1,1,electronics,JPY,2026-10-06 21:24:22.158406
ACC-1001,2024-01-06,116.41,0.00,-116.41,2,2,transportation,GBP,2026-10-06 21:24:22.158406
ACC-1014,2024-01-06,4428.94,0.00,-4428.94,1,1,food_and_beverage,JPY,2026-10-06 21:24:22.158406
ACC-1018,2024-01-06,61.09,0.00,-61.09,1,1,home_and_garden,USD,2026-10-06 21:24:22.158406
ACC-1019,2024-01-06,579.97,0.00,-579.97,1,1,entertainment,EUR,2026-10-06 21:24:22.158406
ACC-1004,2024-01-07,119.18,0.00,-119.18,1,1,home_and_garden,USD,2026-10-06 21:24:22.158406
ACC-1009,2024-01-07,404.72,0.00,-404.72,1,1,e-commerce,AUD,2026-10-06 21:24:22.158406
ACC-1015,2024-01-07,0.00,6496.33,6496.33,1,1,health,USD,2026-10-06 21:24:22.158406
ACC-1006,2024-01-08,1382.73,0.00,-1382.73,1,1,travel,USD,2026-10-06 21:24:22.158406
ACC-1009,2024-01-08,0.00,2414.97,2414.97,1,1,e-commerce,USD,2026-10-06 21:24:22.158406
ACC-1015,2024-01-08,0.00,7142.06,7142.06,1,1,transportation,USD,2026-10-06 21:24:22.158406
ACC-1018,2024-01-08,722.47,0.00,-722.47,1,1,travel,EUR,2026-10-06 21:24:22.158406
ACC-1019,2024-01-08,1275.43,0.00,-1275.43,1,1,electronics,EUR,2026-10-06 21:24:22.158406
ACC-1008,2024-01-09,4807.61,0.00,-4807.61,1,1,transportation,USD,2026-10-06 21:24:22.158406
ACC-1005,2024-01-10,318.94,0.00,-318.94,1,1,transportation,USD,2026-10-06 21:24:22.158406
ACC-1008,2024-01-10,0.00,3649.67,3649.67,1,1,groceries,GBP,2026-10-06 21:24:22.158406
ACC-1012,2024-01-10,0.00,1866.07,1866.07,1,1,home_and_garden,USD,2026-10-06 21:24:22.158406
ACC-1020,2024-01-10,0.00,5945.25,5945.25,1,1,e-commerce,AUD,2026-10-06 21:24:22.158406
ACC-1002,2024-01-11,24.54,0.00,-24.54,1,1,travel,USD,2026-10-06 21:24:22.158406
ACC-1008,2024-01-11,3658.81,0.00,-3658.81,1,1,e-commerce,USD,2026-10-06 21:24:22.158406
ACC-1013,2024-01-11,0.00,3790.82,3790.82,1,1,retail,USD,2026-10-06 21:24:22.158406
ACC-1015,2024-01-11,52.53,0.00,-52.53,1,1,travel,USD,2026-10-06 21:24:22.158406
ACC-1018,2024-01-11,104.50,0.00,-104.50,1,1,travel,USD,2026-10-06 21:24:22.158406
ACC-1005,2024-01-12,0.00,453.78,453.78,1,1,transportation,EUR,2026-10-06 21:24:22.158406
ACC-1015,2024-01-12,296.77,0.00,-296.77,2,2,transfer,"EUR, USD",2026-10-06 21:24:22.158406
ACC-1009,2024-01-13,0.00,7246.01,7246.01,1,1,home_and_garden,USD,2026-10-06 21:24:22.158406
ACC-1003,2024-01-14,1104.45,0.00,-1104.45,1,1,transportation,USD,2026-10-06 21:24:22.158406
ACC-1011,2024-01-14,0.00,4678.67,4678.67,1,1,health,GBP,2026-10-06 21:24:22.158406
ACC-1013,2024-01-14,140.35,0.00,-140.35,1,1,food_and_beverage,USD,2026-10-06 21:24:22.158406
ACC-1007,2024-01-15,0.00,7483.77,7483.77,1,1,food_and_beverage,USD,2026-10-06 21:24:22.158406
ACC-1017,2024-01-15,0.00,3760.54,3760.54,1,1,home_and_garden,EUR,2026-10-06 21:24:22.158406
ACC-1003,2024-01-16,474.79,0.00,-474.79,1,1,entertainment,EUR,2026-10-06 21:24:22.158406
ACC-1007,2024-01-16,104.58,0.00,-104.58,1,1,food_and_beverage,USD,2026-10-06 21:24:22.158406
ACC-1019,2024-01-17,0.00,3288.85,3288.85,1,1,health,USD,2026-10-06 21:24:22.158406
ACC-1010,2024-01-18,4152.41,893.62,-3258.79,2,2,transfer,USD,2026-10-06 21:24:22.158406
ACC-1012,2024-01-18,94.28,0.00,-94.28,1,1,food_and_beverage,GBP,2026-10-06 21:24:22.158406
ACC-1010,2024-01-19,0.00,5670.43,5670.43,2,2,payroll,USD,2026-10-06 21:24:22.158406
ACC-1017,2024-01-19,124.37,0.00,-124.37,1,1,e-commerce,EUR,2026-10-06 21:24:22.158406
ACC-1019,2024-01-19,0.00,2057.72,2057.72,1,1,electronics,AUD,2026-10-06 21:24:22.158406
ACC-1008,2024-01-20,0.00,7411.32,7411.32,1,1,food_and_beverage,JPY,2026-10-06 21:24:22.158406
ACC-1010,2024-01-20,1534.92,0.00,-1534.92,1,1,e-commerce,EUR,2026-10-06 21:24:22.158406
ACC-1005,2024-01-21,1889.30,0.00,-1889.30,1,1,retail,USD,2026-10-06 21:24:22.158406
ACC-1010,2024-01-21,0.00,5775.32,5775.32,1,1,food_and_beverage,USD,2026-10-06 21:24:22.158406
ACC-1011,2024-01-21,579.22,0.00,-579.22,1,1,transfer,EUR,2026-10-06 21:24:22.158406
ACC-1004,2024-01-22,2214.61,0.00,-2214.61,1,1,electronics,USD,2026-10-06 21:24:22.158406
ACC-1005,2024-01-22,2743.76,0.00,-2743.76,1,1,e-commerce,USD,2026-10-06 21:24:22.158406
ACC-1008,2024-01-22,0.00,2039.63,2039.63,1,1,health,EUR,2026-10-06 21:24:22.158406
ACC-1017,2024-01-22,0.00,1042.72,1042.72,1,1,home_and_garden,USD,2026-10-06 21:24:22.158406
ACC-1002,2024-01-23,3058.83,0.00,-3058.83,1,1,transfer,USD,2026-10-06 21:24:22.158406
ACC-1006,2024-01-23,0.00,7172.05,7172.05,1,1,health,USD,2026-10-06 21:24:22.158406
ACC-1010,2024-01-23,0.00,4469.78,4469.78,1,1,travel,EUR,2026-10-06 21:24:22.158406
ACC-1020,2024-01-23,141.77,0.00,-141.77,1,1,health,CHF,2026-10-06 21:24:22.158406
ACC-1007,2024-01-24,569.29,0.00,-569.29,1,1,transfer,JPY,2026-10-06 21:24:22.158406
ACC-1012,2024-01-24,397.97,0.00,-397.97,1,1,home_and_garden,EUR,2026-10-06 21:24:22.158406
ACC-1017,2024-01-24,0.00,6662.47,6662.47,1,1,entertainment,USD,2026-10-06 21:24:22.158406
ACC-1004,2024-01-26,22.77,0.00,-22.77,1,1,electronics,GBP,2026-10-06 21:24:22.158406
ACC-1014,2024-01-27,6.89,0.00,-6.89,1,1,transfer,CAD,2026-10-06 21:24:22.158406
ACC-1001,2024-01-28,2204.95,0.00,-2204.95,1,1,travel,USD,2026-10-06 21:24:22.158406
ACC-1005,2024-01-28,108.35,0.00,-108.35,1,1,travel,GBP,2026-10-06 21:24:22.158406
ACC-1009,2024-01-28,1793.33,0.00,-1793.33,1,1,entertainment,CAD,2026-10-06 21:24:22.158406
ACC-1012,2024-01-28,370.05,0.00,-370.05,1,1,electronics,AUD,2026-10-06 21:24:22.158406
ACC-1016,2024-01-28,675.51,0.00,-675.51,1,1,entertainment,EUR,2026-10-06 21:24:22.158406
ACC-1018,2024-01-28,35.32,0.00,-35.32,1,1,travel,EUR,2026-10-06 21:24:22.158406
ACC-1020,2024-01-28,13.44,1504.42,1490.98,2,2,entertainment,"CHF, USD",2026-10-06 21:24:22.158406
ACC-1009,2024-01-29,1380.52,0.00,-1380.52,1,1,home_and_garden,GBP,2026-10-06 21:24:22.158406
ACC-1019,2024-01-29,0.00,7429.65,7429.65,1,1,travel,GBP,2026-10-06 21:24:22.158406
ACC-1013,2024-01-31,0.00,2115.32,2115.32,1,1,payroll,USD,2026-10-06 21:24:22.158406
ACC-1014,2024-01-31,729.21,0.00,-729.21,2,2,electronics,"EUR, USD",2026-10-06 21:24:22.158406
ACC-1017,2024-01-31,0.00,7774.97,7774.97,1,1,retail,GBP,2026-10-06 21:24:22.158406
ACC-1002,2024-02-02,135.66,0.00,-135.66,1,1,health,USD,2026-10-06 21:24:22.158406
ACC-1003,2024-02-02,0.00,254.41,254.41,1,1,electronics,EUR,2026-10-06 21:24:22.158406
ACC-1006,2024-02-02,36.61,0.00,-36.61,1,1,retail,USD,2026-10-06 21:24:22.158406
ACC-1016,2024-02-02,198.39,0.00,-198.39,1,1,entertainment,USD,2026-10-06 21:24:22.158406
ACC-1020,2024-02-02,4257.96,0.00,-4257.96,1,1,entertainment,USD,2026-10-06 21:24:22.158406
ACC-1001,2024-02-03,41.05,0.00,-41.05,1,1,transfer,USD,2026-10-06 21:24:22.158406
ACC-1002,2024-02-03,536.67,0.00,-536.67,1,1,retail,USD,2026-10-06 21:24:22.158406
ACC-1010,2024-02-03,84.13,0.00,-84.13,1,1,retail,EUR,2026-10-06 21:24:22.158406
ACC-1014,2024-02-03,1971.19,0.00,-1971.19,1,1,health,EUR,2026-10-06 21:24:22.158406
ACC-1020,2024-02-03,12.79,1112.81,1100.02,2,2,transfer,USD,2026-10-06 21:24:22.158406
ACC-1003,2024-02-04,3002.62,0.00,-3002.62,1,1,food_and_beverage,EUR,2026-10-06 21:24:22.158406
ACC-1008,2024-02-05,44.05,0.00,-44.05,1,1,transportation,USD,2026-10-06 21:24:22.158406
ACC-1010,2024-02-06,0.00,1117.58,1117.58,1,1,e-commerce,CAD,2026-10-06 21:24:22.158406
ACC-1004,2024-02-07,0.00,4492.50,4492.50,1,1,home_and_garden,EUR,2026-10-06 21:24:22.158406
ACC-1017,2024-02-07,597.65,0.00,-597.65,1,1,groceries,EUR,2026-10-06 21:24:22.158406
ACC-1018,2024-02-08,0.00,7401.99,7401.99,1,1,transfer,USD,2026-10-06 21:24:22.158406
ACC-1019,2024-02-08,56.19,0.00,-56.19,1,1,retail,JPY,2026-10-06 21:24:22.158406
ACC-1002,2024-02-09,3191.46,0.00,-3191.46,1,1,home_and_garden,USD,2026-10-06 21:24:22.158406
ACC-1011,2024-02-09,12.66,0.00,-12.66,1,1,e-commerce,USD,2026-10-06 21:24:22.158406
ACC-1017,2024-02-10,0.00,1455.80,1455.80,1,1,home_and_garden,USD,2026-10-06 21:24:22.158406
ACC-1014,2024-02-11,144.94,0.00,-144.94,1,1,transfer,USD,2026-10-06 21:24:22.158406
ACC-1019,2024-02-11,0.00,2515.51,2515.51,2,2,transportation,USD,2026-10-06 21:24:22.158406
ACC-1002,2024-02-12,143.60,0.00,-143.60,1,1,payroll,EUR,2026-10-06 21:24:22.158406
ACC-1012,2024-02-12,655.95,0.00,-655.95,1,1,health,GBP,2026-10-06 21:24:22.158406
ACC-1020,2024-02-12,0.00,1947.53,1947.53,1,1,transportation,EUR,2026-10-06 21:24:22.158406
